Type,Content
Headers,Web Scraping Practice
Headers,Available Products
Headers,Product Table
Headers,Watch This Video
Headers,Contact Us
Headers,Product Information
Headers,Featured Products
Paragraphs,Welcome to the web scraping task! Use your skills to extract the required data from this page.
Paragraphs,Sharp Objects
Paragraphs,£47.82
Paragraphs,✔ In stock
Paragraphs,"In a Dark, Dark Wood"
Paragraphs,£19.63
Paragraphs,✔ In stock
Paragraphs,The Past Never Ends
Paragraphs,£56.50
Paragraphs,✔ In stock
Paragraphs,A Murder in Time
Paragraphs,£16.64
Paragraphs, Out stock
Paragraphs,Wireless Headphones
Paragraphs,$49.99
Paragraphs,"Available colors: Black, White, Blue"
Paragraphs,Smart Speaker
Paragraphs,$89.99
Paragraphs,"Available colors: Grey, Black"
Paragraphs,Smart Watch
Paragraphs,$149.99
Paragraphs,"Available colors: Black, Silver, Gold"
Paragraphs,© 2024 Web Scraping Practice. All Rights Reserved.
List Items,Laptop
List Items,Smartphone
List Items,Tablet
List Items,Smartwatch
